{
  "fetched_at": "2025-10-04",
  "count": 19,
  "objects": [
    {
      "name": "(2008 TD)",
      "neo_reference_id": "3428698",
      "designation": null,
      "absolute_magnitude_h": 25.4,
      "estimated_diameter": {
        "estimated_diameter_min": 22.1082810359,
        "estimated_diameter_max": 49.435619262
      },
      "close_approach_data": [
        {
          "close_approach_date": "2025-10-04",
          "close_approach_date_full": "2025-Oct-04 03:35",
          "epoch_date_close_approach": 1759548900000,
          "relative_velocity": {
            "kilometers_per_second": "14.1369290299",
            "kilometers_per_hour": "50892.9445076648",
            "miles_per_hour": "31622.8965469987"
          },
          "miss_distance": {
            "astronomical": "0.1622238161",
            "lunar": "63.1050644629",
            "kilometers": "24268337.351831707",
            "miles": "15079645.5779712766"
          },
          "orbiting_body": "Earth"
        }
      ]
    },
    {
      "name": "(2014 GQ17)",
      "neo_reference_id": "3667048",
      "designation": null,
      "absolute_magnitude_h": 27.1,
      "estimated_diameter": {
        "estimated_diameter_min": 10.1054341542,
        "estimated_diameter_max": 22.5964377109
      },
      "close_approach_data": [
        {
          "close_approach_date": "2025-10-04",
          "close_approach_date_full": "2025-Oct-04 11:16",
          "epoch_date_close_approach": 1759576560000,
          "relative_velocity": {
            "kilometers_per_second": "9.9368459615",
            "kilometers_per_hour": "35772.6454614778",
            "miles_per_hour": "22227.7307313277"
          },
          "miss_distance": {
            "astronomical": "0.327560252",
            "lunar": "127.420938028",
            "kilometers": "49002315.99586324",
            "miles": "30448627.238223112"
          },
          "orbiting_body": "Earth"
        }
      ]
    },
    {
      "name": "(2015 SZ16)",
      "neo_reference_id": "3728859",
      "designation": null,
      "absolute_magnitude_h": 22.9,
      "estimated_diameter": {
        "estimated_diameter_min": 69.9125232246,
        "estimated_diameter_max": 156.3291544087
      },
      "close_approach_data": [
        {
          "close_approach_date": "2025-10-04",
          "close_approach_date_full": "2025-Oct-04 03:09",
          "epoch_date_close_approach": 1759547340000,
          "relative_velocity": {
            "kilometers_per_second": "11.0165230119",
            "kilometers_per_hour": "39659.4828429509",
            "miles_per_hour": "24642.860325388"
          },
          "miss_distance": {
            "astronomical": "0.3911560833",
            "lunar": "152.1597164037",
            "kilometers": "58516116.899222571",
            "miles": "36360228.9949546398"
          },
          "orbiting_body": "Earth"
        }
      ]
    },
    {
      "name": "(2018 ES3)",
      "neo_reference_id": "3799876",
      "designation": null,
      "absolute_magnitude_h": 24.64,
      "estimated_diameter": {
        "estimated_diameter_min": 31.3729224956,
        "estimated_diameter_max": 70.151987353
      },
      "close_approach_data": [
        {
          "close_approach_date": "2025-10-04",
          "close_approach_date_full": "2025-Oct-04 16:17",
          "epoch_date_close_approach": 1759594620000,
          "relative_velocity": {
            "kilometers_per_second": "11.797074683",
            "kilometers_per_hour": "42469.4688588529",
            "miles_per_hour": "26388.8763584356"
          },
          "miss_distance": {
            "astronomical": "0.2739835857",
            "lunar": "106.5796148373",
            "kilometers": "40987360.835682459",
            "miles": "25468365.0395135742"
          },
          "orbiting_body": "Earth"
        }
      ]
    },
    {
      "name": "(2019 TS1)",
      "neo_reference_id": "3878561",
      "designation": null,
      "absolute_magnitude_h": 24.26,
      "estimated_diameter": {
        "estimated_diameter_min": 37.3727431914,
        "estimated_diameter_max": 83.5679942816
      },
      "close_approach_data": [
        {
          "close_approach_date": "2025-10-04",
          "close_approach_date_full": "2025-Oct-04 19:07",
          "epoch_date_close_approach": 1759604820000,
          "relative_velocity": {
            "kilometers_per_second": "13.1404929752",
            "kilometers_per_hour": "47305.7747107182",
            "miles_per_hour": "29393.9687362238"
          },
          "miss_distance": {
            "astronomical": "0.1363612203",
            "lunar": "53.0445146967",
            "kilometers": "20399348.107480761",
            "miles": "12675567.1401300618"
          },
          "orbiting_body": "Earth"
        }
      ]
    },
    {
      "name": "(2019 TY6)",
      "neo_reference_id": "3879165",
      "designation": null,
      "absolute_magnitude_h": 25.04,
      "estimated_diameter": {
        "estimated_diameter_min": 26.0948603255,
        "estimated_diameter_max": 58.3498815511
      },
      "close_approach_data": [
        {
          "close_approach_date": "2025-10-04",
          "close_approach_date_full": "2025-Oct-04 14:06",
          "epoch_date_close_approach": 1759586760000,
          "relative_velocity": {
            "kilometers_per_second": "15.2109133457",
            "kilometers_per_hour": "54759.2880444692",
            "miles_per_hour": "34025.2920629648"
          },
          "miss_distance": {
            "astronomical": "0.1225981149",
            "lunar": "47.6906666961",
            "kilometers": "18340416.855055263",
            "miles": "11396206.5846101094"
          },
          "orbiting_body": "Earth"
        }
      ]
    },
    {
      "name": "(2020 CR2)",
      "neo_reference_id": "3991587",
      "designation": null,
      "absolute_magnitude_h": 27.32,
      "estimated_diameter": {
        "estimated_diameter_min": 9.1317702552,
        "estimated_diameter_max": 20.4192590455
      },
      "close_approach_data": [
        {
          "close_approach_date": "2025-10-04",
          "close_approach_date_full": "2025-Oct-04 18:19",
          "epoch_date_close_approach": 1759601940000,
          "relative_velocity": {
            "kilometers_per_second": "21.6957600212",
            "kilometers_per_hour": "78104.736076315",
            "miles_per_hour": "48531.2455914191"
          },
          "miss_distance": {
            "astronomical": "0.1855060995",
            "lunar": "72.1618727055",
            "kilometers": "27751317.357208065",
            "miles": "17243868.996938697"
          },
          "orbiting_body": "Earth"
        }
      ]
    },
    {
      "name": "(2021 LA1)",
      "neo_reference_id": "54154694",
      "designation": null,
      "absolute_magnitude_h": 25.22,
      "estimated_diameter": {
        "estimated_diameter_min": 24.0190030115,
        "estimated_diameter_max": 53.7081234856
      },
      "close_approach_data": [
        {
          "close_approach_date": "2025-10-04",
          "close_approach_date_full": "2025-Oct-04 09:20",
          "epoch_date_close_approach": 1759569600000,
          "relative_velocity": {
            "kilometers_per_second": "6.0965747505",
            "kilometers_per_hour": "21947.6691018136",
            "miles_per_hour": "13637.4280594019"
          },
          "miss_distance": {
            "astronomical": "0.2048985053",
            "lunar": "79.7055185617",
            "kilometers": "30652379.959063711",
            "miles": "19046505.7083567718"
          },
          "orbiting_body": "Earth"
        }
      ]
    },
    {
      "name": "(2021 RF4)",
      "neo_reference_id": "54193830",
      "designation": null,
      "absolute_magnitude_h": 23.55,
      "estimated_diameter": {
        "estimated_diameter_min": 51.8268694616,
        "estimated_diameter_max": 115.8884031771
      },
      "close_approach_data": [
        {
          "close_approach_date": "2025-10-04",
          "close_approach_date_full": "2025-Oct-04 23:52",
          "epoch_date_close_approach": 1759621920000,
          "relative_velocity": {
            "kilometers_per_second": "5.5201197288",
            "kilometers_per_hour": "19872.431023708",
            "miles_per_hour": "12347.9558213701"
          },
          "miss_distance": {
            "astronomical": "0.3757638817",
            "lunar": "146.1721499813",
            "kilometers": "56213476.325251979",
            "miles": "34929434.4891121502"
          },
          "orbiting_body": "Earth"
        }
      ]
    },
    {
      "name": "(2021 TD1)",
      "neo_reference_id": "54202332",
      "designation": null,
      "absolute_magnitude_h": 26.01,
      "estimated_diameter": {
        "estimated_diameter_min": 16.6937911773,
        "estimated_diameter_max": 37.3284518745
      },
      "close_approach_data": [
        {
          "close_approach_date": "2025-10-04",
          "close_approach_date_full": "2025-Oct-04 09:12",
          "epoch_date_close_approach": 1759569120000,
          "relative_velocity": {
            "kilometers_per_second": "15.7162809525",
            "kilometers_per_hour": "56578.6114288362",
            "miles_per_hour": "35155.7488625455"
          },
          "miss_distance": {
            "astronomical": "0.1717081471",
            "lunar": "66.7944692219",
            "kilometers": "25687173.067806677",
            "miles": "15961269.2104470626"
          },
          "orbiting_body": "Earth"
        }
      ]
    },
    {
      "name": "(2021 SZ4)",
      "neo_reference_id": "54203006",
      "designation": null,
      "absolute_magnitude_h": 20.47,
      "estimated_diameter": {
        "estimated_diameter_min": 214.0695896707,
        "estimated_diameter_max": 478.6741544192
      },
      "close_approach_data": [
        {
          "close_approach_date": "2025-10-04",
          "close_approach_date_full": "2025-Oct-04 02:24",
          "epoch_date_close_approach": 1759544640000,
          "relative_velocity": {
            "kilometers_per_second": "44.5235909383",
            "kilometers_per_hour": "160284.9273779689",
            "miles_per_hour": "99594.8205699385"
          },
          "miss_distance": {
            "astronomical": "0.4805731264",
            "lunar": "186.9429461696",
            "kilometers": "71892716.088680768",
            "miles": "44672062.3064518784"
          },
          "orbiting_body": "Earth"
        }
      ]
    },
    {
      "name": "(2021 VO)",
      "neo_reference_id": "54215217",
      "designation": null,
      "absolute_magnitude_h": 21.29,
      "estimated_diameter": {
        "estimated_diameter_min": 146.7421833608,
        "estimated_diameter_max": 328.1254971615
      },
      "close_approach_data": [
        {
          "close_approach_date": "2025-10-04",
          "close_approach_date_full": "2025-Oct-04 19:27",
          "epoch_date_close_approach": 1759606020000,
          "relative_velocity": {
            "kilometers_per_second": "13.2737991015",
            "kilometers_per_hour": "47785.6767653129",
            "miles_per_hour": "29692.1612100912"
          },
          "miss_distance": {
            "astronomical": "0.3838697548",
            "lunar": "149.3253346172",
            "kilometers": "57426097.675502276",
            "miles": "35682922.4564563688"
          },
          "orbiting_body": "Earth"
        }
      ]
    },
    {
      "name": "(2022 FF3)",
      "neo_reference_id": "54265894",
      "designation": null,
      "absolute_magnitude_h": 27.77,
      "estimated_diameter": {
        "estimated_diameter_min": 7.42258153,
        "estimated_diameter_max": 16.5973968696
      },
      "close_approach_data": [
        {
          "close_approach_date": "2025-10-04",
          "close_approach_date_full": "2025-Oct-04 01:37",
          "epoch_date_close_approach": 1759541820000,
          "relative_velocity": {
            "kilometers_per_second": "9.5535291324",
            "kilometers_per_hour": "34392.7048768024",
            "miles_per_hour": "21370.2893163664"
          },
          "miss_distance": {
            "astronomical": "0.3096341012",
            "lunar": "120.4476653668",
            "kilometers": "46320602.018884444",
            "miles": "28782287.4421315672"
          },
          "orbiting_body": "Earth"
        }
      ]
    },
    {
      "name": "(2023 FL4)",
      "neo_reference_id": "54352299",
      "designation": null,
      "absolute_magnitude_h": 25.07,
      "estimated_diameter": {
        "estimated_diameter_min": 25.7368254194,
        "estimated_diameter_max": 57.5492911629
      },
      "close_approach_data": [
        {
          "close_approach_date": "2025-10-04",
          "close_approach_date_full": "2025-Oct-04 14:34",
          "epoch_date_close_approach": 1759588440000,
          "relative_velocity": {
            "kilometers_per_second": "15.0262947206",
            "kilometers_per_hour": "54094.6609941974",
            "miles_per_hour": "33612.3186605334"
          },
          "miss_distance": {
            "astronomical": "0.4960160925",
            "lunar": "192.9502599825",
            "kilometers": "74202950.923722975",
            "miles": "46107575.667308055"
          },
          "orbiting_body": "Earth"
        }
      ]
    },
    {
      "name": "(2023 TT)",
      "neo_reference_id": "54390823",
      "designation": null,
      "absolute_magnitude_h": 24.07,
      "estimated_diameter": {
        "estimated_diameter_min": 40.7901194028,
        "estimated_diameter_max": 91.209479795
      },
      "close_approach_data": [
        {
          "close_approach_date": "2025-10-04",
          "close_approach_date_full": "2025-Oct-04 07:04",
          "epoch_date_close_approach": 1759561440000,
          "relative_velocity": {
            "kilometers_per_second": "17.0960093943",
            "kilometers_per_hour": "61545.6338194818",
            "miles_per_hour": "38242.0634141108"
          },
          "miss_distance": {
            "astronomical": "0.1725576599",
            "lunar": "67.1249297011",
            "kilometers": "25814258.373224413",
            "miles": "16040236.3574783794"
          },
          "orbiting_body": "Earth"
        }
      ]
    },
    {
      "name": "(2023 TM3)",
      "neo_reference_id": "54392067",
      "designation": null,
      "absolute_magnitude_h": 26.94,
      "estimated_diameter": {
        "estimated_diameter_min": 10.8781483356,
        "estimated_diameter_max": 24.3242791478
      },
      "close_approach_data": [
        {
          "close_approach_date": "2025-10-04",
          "close_approach_date_full": "2025-Oct-04 23:49",
          "epoch_date_close_approach": 1759621740000,
          "relative_velocity": {
            "kilometers_per_second": "21.3994446068",
            "kilometers_per_hour": "77038.0005845218",
            "miles_per_hour": "47868.4176409769"
          },
          "miss_distance": {
            "astronomical": "0.3065324915",
            "lunar": "119.2411391935",
            "kilometers": "45856607.814193105",
            "miles": "28493974.812570649"
          },
          "orbiting_body": "Earth"
        }
      ]
    },
    {
      "name": "(2025 SS3)",
      "neo_reference_id": "54546621",
      "designation": null,
      "absolute_magnitude_h": 23.727,
      "estimated_diameter": {
        "estimated_diameter_min": 47.769970887,
        "estimated_diameter_max": 106.8169021866
      },
      "close_approach_data": [
        {
          "close_approach_date": "2025-10-04",
          "close_approach_date_full": "2025-Oct-04 21:43",
          "epoch_date_close_approach": 1759614180000,
          "relative_velocity": {
            "kilometers_per_second": "12.9962346815",
            "kilometers_per_hour": "46786.4448533122",
            "miles_per_hour": "29071.2773589928"
          },
          "miss_distance": {
            "astronomical": "0.0656860116",
            "lunar": "25.5518585124",
            "kilometers": "9826487.424155292",
            "miles": "6105896.1512033496"
          },
          "orbiting_body": "Earth"
        }
      ]
    },
    {
      "name": "(2025 SG22)",
      "neo_reference_id": "54549112",
      "designation": null,
      "absolute_magnitude_h": 23.719,
      "estimated_diameter": {
        "estimated_diameter_min": 47.9462865496,
        "estimated_diameter_max": 107.2111559937
      },
      "close_approach_data": [
        {
          "close_approach_date": "2025-10-04",
          "close_approach_date_full": "2025-Oct-04 02:53",
          "epoch_date_close_approach": 1759546380000,
          "relative_velocity": {
            "kilometers_per_second": "15.2146676137",
            "kilometers_per_hour": "54772.8034093934",
            "miles_per_hour": "34033.6899851312"
          },
          "miss_distance": {
            "astronomical": "0.1015522276",
            "lunar": "39.5038165364",
            "kilometers": "15191996.942715212",
            "miles": "9439869.1676534456"
          },
          "orbiting_body": "Earth"
        }
      ]
    },
    {
      "name": "(2025 SZ27)",
      "neo_reference_id": "54549680",
      "designation": null,
      "absolute_magnitude_h": 25.194,
      "estimated_diameter": {
        "estimated_diameter_min": 24.3083217769,
        "estimated_diameter_max": 54.3550599122
      },
      "close_approach_data": [
        {
          "close_approach_date": "2025-10-04",
          "close_approach_date_full": "2025-Oct-04 04:29",
          "epoch_date_close_approach": 1759552140000,
          "relative_velocity": {
            "kilometers_per_second": "16.413799511",
            "kilometers_per_hour": "59089.6782394722",
            "miles_per_hour": "36716.0281260765"
          },
          "miss_distance": {
            "astronomical": "0.0078934091",
            "lunar": "3.0705361399",
            "kilometers": "1180837.188398617",
            "miles": "733738.2049782346"
          },
          "orbiting_body": "Earth"
        }
      ]
    }
  ]
}